avg_daily_rate,Arrive_Date_Short,rate_type,reservation_date,reservation_date_short,reservation_no,reservation_weekday,room_no,room_type,total_nights,total_rate,Room Count
70,1/1/2020,Best Available Rate,2020-01-01,"01, January",1,Wednesday,210,Double,3,210,1
70,1/2/2020,Best Available Rate,2020-01-02,"02, January",2,Thursday,210,Double,3,210,1
70,1/3/2020,Best Available Rate,2020-01-03,"03, January",3,Friday,210,Double,3,210,1
70,1/4/2020,Best Available Rate,2020-01-04,"04, January",4,Saturday,210,Double,3,210,1
70,1/5/2020,Best Available Rate,2020-01-05,"05, January",5,Sunday,210,Double,3,210,1
70,1/6/2020,Best Available Rate,2020-01-06,"06, January",6,Monday,210,Double,3,210,1
70,1/7/2020,Best Available Rate,2020-01-07,"07, January",7,Tuesday,210,Double,3,210,1
70,1/8/2020,Best Available Rate,2020-01-08,"08, January",8,Wednesday,210,Double,3,210,1
70,1/9/2020,Best Available Rate,2020-01-09,"09, January",9,Thursday,210,Double,3,210,1
70,1/10/2020,Best Available Rate,2020-01-10,"10, January",10,Friday,210,Double,3,210,1
70,1/11/2020,Best Available Rate,2020-01-11,"11, January",11,Saturday,210,Double,3,210,1
70,1/12/2020,Best Available Rate,2020-01-12,"12, January",12,Sunday,210,Double,3,210,1
70,1/13/2020,Best Available Rate,2020-01-13,"13, January",13,Monday,210,Double,3,210,1
70,1/14/2020,Best Available Rate,2020-01-14,"14, January",14,Tuesday,210,Double,3,210,1
70,1/15/2020,Best Available Rate,2020-01-15,"15, January",15,Wednesday,210,Double,3,210,1
70,1/16/2020,Best Available Rate,2020-01-16,"16, January",16,Thursday,210,Double,3,210,1
70,1/17/2020,Best Available Rate,2020-01-17,"17, January",17,Friday,210,Double,3,210,1
70,1/18/2020,Best Available Rate,2020-01-18,"18, January",18,Saturday,210,Double,3,210,1
70,1/19/2020,Best Available Rate,2020-01-19,"19, January",19,Sunday,210,Double,3,210,1
70,1/20/2020,Best Available Rate,2020-01-20,"20, January",20,Monday,210,Double,3,210,1
70,1/21/2020,Best Available Rate,2020-01-21,"21, January",21,Tuesday,210,Double,3,210,1
70,1/22/2020,Best Available Rate,2020-01-22,"22, January",22,Wednesday,210,Double,3,210,1
70,1/23/2020,Best Available Rate,2020-01-23,"23, January",23,Thursday,210,Double,3,210,1
70,1/24/2020,Best Available Rate,2020-01-24,"24, January",24,Friday,210,Double,3,210,1
70,1/25/2020,Best Available Rate,2020-01-25,"25, January",25,Saturday,210,Double,3,210,1
70,1/26/2020,Best Available Rate,2020-01-26,"26, January",26,Sunday,210,Double,3,210,1
70,1/27/2020,Best Available Rate,2020-01-27,"27, January",27,Monday,210,Double,3,210,1
70,1/28/2020,Best Available Rate,2020-01-28,"28, January",28,Tuesday,210,Double,3,210,1
70,1/29/2020,Best Available Rate,2020-01-29,"29, January",29,Wednesday,210,Double,3,210,1
70,1/30/2020,Best Available Rate,2020-01-30,"30, January",30,Thursday,210,Double,3,210,1
70,1/31/2020,Best Available Rate,2020-01-31,"31, January",31,Friday,210,Double,3,210,1
70,2/1/2020,Best Available Rate,2020-02-01,"01, February",32,Saturday,210,Double,3,210,1
70,2/2/2020,Best Available Rate,2020-02-02,"02, February",33,Sunday,210,Double,3,210,1
70,2/3/2020,Best Available Rate,2020-02-03,"03, February",34,Monday,210,Double,3,210,1
70,2/4/2020,Best Available Rate,2020-02-04,"04, February",35,Tuesday,210,Double,3,210,1
70,2/5/2020,Best Available Rate,2020-02-05,"05, February",36,Wednesday,210,Double,3,210,1
70,2/6/2020,Best Available Rate,2020-02-06,"06, February",37,Thursday,210,Double,3,210,1
70,2/7/2020,Best Available Rate,2020-02-07,"07, February",38,Friday,210,Double,3,210,1
70,2/8/2020,Best Available Rate,2020-02-08,"08, February",39,Saturday,210,Double,3,210,1
70,2/9/2020,Best Available Rate,2020-02-09,"09, February",40,Sunday,210,Double,3,210,1
70,2/10/2020,Best Available Rate,2020-02-10,"10, February",41,Monday,210,Double,3,210,1
70,2/11/2020,Best Available Rate,2020-02-11,"11, February",42,Tuesday,210,Double,3,210,1
70,2/12/2020,Best Available Rate,2020-02-12,"12, February",43,Wednesday,210,Double,3,210,1
70,2/13/2020,Best Available Rate,2020-02-13,"13, February",44,Thursday,210,Double,3,210,1
70,2/14/2020,Best Available Rate,2020-02-14,"14, February",45,Friday,210,Double,3,210,1
70,2/15/2020,Best Available Rate,2020-02-15,"15, February",46,Saturday,210,Double,3,210,1
70,2/16/2020,Best Available Rate,2020-02-16,"16, February",47,Sunday,210,Double,3,210,1
70,2/17/2020,Best Available Rate,2020-02-17,"17, February",48,Monday,210,Double,3,210,1
70,2/18/2020,Best Available Rate,2020-02-18,"18, February",49,Tuesday,210,Double,3,210,1
70,2/19/2020,Best Available Rate,2020-02-19,"19, February",50,Wednesday,210,Double,3,210,1
70,2/20/2020,Best Available Rate,2020-02-20,"20, February",51,Thursday,210,Double,3,210,1
70,2/21/2020,Best Available Rate,2020-02-21,"21, February",52,Friday,210,Double,3,210,1
70,2/22/2020,Best Available Rate,2020-02-22,"22, February",53,Saturday,210,Double,3,210,1
70,2/23/2020,Best Available Rate,2020-02-23,"23, February",54,Sunday,210,Double,3,210,1
70,2/24/2020,Best Available Rate,2020-02-24,"24, February",55,Monday,210,Double,3,210,1
70,2/25/2020,Best Available Rate,2020-02-25,"25, February",56,Tuesday,210,Double,3,210,1
70,2/26/2020,Best Available Rate,2020-02-26,"26, February",57,Wednesday,210,Double,3,210,1
70,2/27/2020,Best Available Rate,2020-02-27,"27, February",58,Thursday,210,Double,3,210,1
70,2/28/2020,Best Available Rate,2020-02-28,"28, February",59,Friday,210,Double,3,210,1
70,2/29/2020,Best Available Rate,2020-02-29,"29, February",60,Saturday,210,Double,3,210,1
70,3/1/2020,Best Available Rate,2020-03-01,"01, March",61,Sunday,210,Double,3,210,1
70,3/2/2020,Best Available Rate,2020-03-02,"02, March",62,Monday,210,Double,3,210,1
70,3/3/2020,Best Available Rate,2020-03-03,"03, March",63,Tuesday,210,Double,3,210,1
70,3/4/2020,Best Available Rate,2020-03-04,"04, March",64,Wednesday,210,Double,3,210,1
70,3/5/2020,Best Available Rate,2020-03-05,"05, March",65,Thursday,210,Double,3,210,1
70,3/6/2020,Best Available Rate,2020-03-06,"06, March",66,Friday,210,Double,3,210,1
70,3/7/2020,Best Available Rate,2020-03-07,"07, March",67,Saturday,210,Double,3,210,1
70,3/8/2020,Best Available Rate,2020-03-08,"08, March",68,Sunday,210,Double,3,210,1
70,3/9/2020,Best Available Rate,2020-03-09,"09, March",69,Monday,210,Double,3,210,1
70,3/10/2020,Best Available Rate,2020-03-10,"10, March",70,Tuesday,210,Double,3,210,1
70,3/11/2020,Best Available Rate,2020-03-11,"11, March",71,Wednesday,210,Double,3,210,1
70,3/12/2020,Best Available Rate,2020-03-12,"12, March",72,Thursday,210,Double,3,210,1
70,3/13/2020,Best Available Rate,2020-03-13,"13, March",73,Friday,210,Double,3,210,1
70,3/14/2020,Best Available Rate,2020-03-14,"14, March",74,Saturday,210,Double,3,210,1
70,3/15/2020,Best Available Rate,2020-03-15,"15, March",75,Sunday,210,Double,3,210,1
70,3/16/2020,Best Available Rate,2020-03-16,"16, March",76,Monday,210,Double,3,210,1
70,3/17/2020,Best Available Rate,2020-03-17,"17, March",77,Tuesday,210,Double,3,210,1
70,3/18/2020,Best Available Rate,2020-03-18,"18, March",78,Wednesday,210,Double,3,210,1
70,3/19/2020,Best Available Rate,2020-03-19,"19, March",79,Thursday,210,Double,3,210,1
70,3/20/2020,Best Available Rate,2020-03-20,"20, March",80,Friday,210,Double,3,210,1
70,3/21/2020,Best Available Rate,2020-03-21,"21, March",81,Saturday,210,Double,3,210,1
70,3/22/2020,Best Available Rate,2020-03-22,"22, March",82,Sunday,210,Double,3,210,1
70,3/23/2020,Best Available Rate,2020-03-23,"23, March",83,Monday,210,Double,3,210,1
70,3/24/2020,Best Available Rate,2020-03-24,"24, March",84,Tuesday,210,Double,3,210,1
70,3/25/2020,Best Available Rate,2020-03-25,"25, March",85,Wednesday,210,Double,3,210,1
70,3/26/2020,Best Available Rate,2020-03-26,"26, March",86,Thursday,210,Double,3,210,1
70,3/27/2020,Best Available Rate,2020-03-27,"27, March",87,Friday,210,Double,3,210,1
70,3/28/2020,Best Available Rate,2020-03-28,"28, March",88,Saturday,210,Double,3,210,1
70,3/29/2020,Best Available Rate,2020-03-29,"29, March",89,Sunday,210,Double,3,210,1
70,3/30/2020,Best Available Rate,2020-03-30,"30, March",90,Monday,210,Double,3,210,1
70,3/31/2020,Best Available Rate,2020-03-31,"31, March",91,Tuesday,210,Double,3,210,1
70,4/1/2020,Best Available Rate,2020-04-01,"01, April",92,Wednesday,210,Double,3,210,1
70,4/2/2020,Best Available Rate,2020-04-02,"02, April",93,Thursday,210,Double,3,210,1
70,4/3/2020,Best Available Rate,2020-04-03,"03, April",94,Friday,210,Double,3,210,1
70,4/4/2020,Best Available Rate,2020-04-04,"04, April",95,Saturday,210,Double,3,210,1
70,4/5/2020,Best Available Rate,2020-04-05,"05, April",96,Sunday,210,Double,3,210,1
70,4/6/2020,Best Available Rate,2020-04-06,"06, April",97,Monday,210,Double,3,210,1
70,4/7/2020,Best Available Rate,2020-04-07,"07, April",98,Tuesday,210,Double,3,210,1
70,4/8/2020,Best Available Rate,2020-04-08,"08, April",99,Wednesday,210,Double,3,210,1
70,4/9/2020,Best Available Rate,2020-04-09,"09, April",100,Thursday,210,Double,3,210,1
70,4/10/2020,Best Available Rate,2020-04-10,"10, April",101,Friday,210,Double,3,210,1
70,4/11/2020,Best Available Rate,2020-04-11,"11, April",102,Saturday,210,Double,3,210,1
70,4/12/2020,Best Available Rate,2020-04-12,"12, April",103,Sunday,210,Double,3,210,1
70,4/13/2020,Best Available Rate,2020-04-13,"13, April",104,Monday,210,Double,3,210,1
70,4/14/2020,Best Available Rate,2020-04-14,"14, April",105,Tuesday,210,Double,3,210,1
70,4/15/2020,Best Available Rate,2020-04-15,"15, April",106,Wednesday,210,Double,3,210,1
70,4/16/2020,Best Available Rate,2020-04-16,"16, April",107,Thursday,210,Double,3,210,1
70,4/17/2020,Best Available Rate,2020-04-17,"17, April",108,Friday,210,Double,3,210,1
70,4/18/2020,Best Available Rate,2020-04-18,"18, April",109,Saturday,210,Double,3,210,1
70,4/19/2020,Best Available Rate,2020-04-19,"19, April",110,Sunday,210,Double,3,210,1
70,4/20/2020,Best Available Rate,2020-04-20,"20, April",111,Monday,210,Double,3,210,1
70,4/21/2020,Best Available Rate,2020-04-21,"21, April",112,Tuesday,210,Double,3,210,1
70,4/22/2020,Best Available Rate,2020-04-22,"22, April",113,Wednesday,210,Double,3,210,1
70,4/23/2020,Best Available Rate,2020-04-23,"23, April",114,Thursday,210,Double,3,210,1
70,4/24/2020,Best Available Rate,2020-04-24,"24, April",115,Friday,210,Double,3,210,1
70,4/25/2020,Best Available Rate,2020-04-25,"25, April",116,Saturday,210,Double,3,210,1
70,4/26/2020,Best Available Rate,2020-04-26,"26, April",117,Sunday,210,Double,3,210,1
70,4/27/2020,Best Available Rate,2020-04-27,"27, April",118,Monday,210,Double,3,210,1
70,4/28/2020,Best Available Rate,2020-04-28,"28, April",119,Tuesday,210,Double,3,210,1
70,4/29/2020,Best Available Rate,2020-04-29,"29, April",120,Wednesday,210,Double,3,210,1
70,4/30/2020,Best Available Rate,2020-04-30,"30, April",121,Thursday,210,Double,3,210,1
70,5/1/2020,Best Available Rate,2020-05-01,"01, May",122,Friday,210,Double,3,210,1
70,5/2/2020,Best Available Rate,2020-05-02,"02, May",123,Saturday,210,Double,3,210,1
70,5/3/2020,Best Available Rate,2020-05-03,"03, May",124,Sunday,210,Double,3,210,1
70,5/4/2020,Best Available Rate,2020-05-04,"04, May",125,Monday,210,Double,3,210,1
70,5/5/2020,Best Available Rate,2020-05-05,"05, May",126,Tuesday,210,Double,3,210,1
70,5/6/2020,Best Available Rate,2020-05-06,"06, May",127,Wednesday,210,Double,3,210,1
70,5/7/2020,Best Available Rate,2020-05-07,"07, May",128,Thursday,210,Double,3,210,1
70,5/8/2020,Best Available Rate,2020-05-08,"08, May",129,Friday,210,Double,3,210,1
70,5/9/2020,Best Available Rate,2020-05-09,"09, May",130,Saturday,210,Double,3,210,1
70,5/10/2020,Best Available Rate,2020-05-10,"10, May",131,Sunday,210,Double,3,210,1
70,5/11/2020,Best Available Rate,2020-05-11,"11, May",132,Monday,210,Double,3,210,1
70,5/12/2020,Best Available Rate,2020-05-12,"12, May",133,Tuesday,210,Double,3,210,1
70,5/13/2020,Best Available Rate,2020-05-13,"13, May",134,Wednesday,210,Double,3,210,1
70,5/14/2020,Best Available Rate,2020-05-14,"14, May",135,Thursday,210,Double,3,210,1
70,5/15/2020,Best Available Rate,2020-05-15,"15, May",136,Friday,210,Double,3,210,1
70,5/16/2020,Best Available Rate,2020-05-16,"16, May",137,Saturday,210,Double,3,210,1
70,5/17/2020,Best Available Rate,2020-05-17,"17, May",138,Sunday,210,Double,3,210,1
70,5/18/2020,Best Available Rate,2020-05-18,"18, May",139,Monday,210,Double,3,210,1
70,5/19/2020,Best Available Rate,2020-05-19,"19, May",140,Tuesday,210,Double,3,210,1
70,5/20/2020,Best Available Rate,2020-05-20,"20, May",141,Wednesday,210,Double,3,210,1
70,5/21/2020,Best Available Rate,2020-05-21,"21, May",142,Thursday,210,Double,3,210,1
70,5/22/2020,Best Available Rate,2020-05-22,"22, May",143,Friday,210,Double,3,210,1
70,5/23/2020,Best Available Rate,2020-05-23,"23, May",144,Saturday,210,Double,3,210,1
70,5/24/2020,Best Available Rate,2020-05-24,"24, May",145,Sunday,210,Double,3,210,1
70,5/25/2020,Best Available Rate,2020-05-25,"25, May",146,Monday,210,Double,3,210,1
70,5/26/2020,Best Available Rate,2020-05-26,"26, May",147,Tuesday,210,Double,3,210,1
70,5/27/2020,Best Available Rate,2020-05-27,"27, May",148,Wednesday,210,Double,3,210,1
70,5/28/2020,Best Available Rate,2020-05-28,"28, May",149,Thursday,210,Double,3,210,1
70,5/29/2020,Best Available Rate,2020-05-29,"29, May",150,Friday,210,Double,3,210,1
70,5/30/2020,Best Available Rate,2020-05-30,"30, May",151,Saturday,210,Double,3,210,1
70,5/31/2020,Best Available Rate,2020-05-31,"31, May",152,Sunday,210,Double,3,210,1
70,6/1/2020,Best Available Rate,2020-06-01,"01, June",153,Monday,210,Double,3,210,1
70,6/2/2020,Best Available Rate,2020-06-02,"02, June",154,Tuesday,210,Double,3,210,1
70,6/3/2020,Best Available Rate,2020-06-03,"03, June",155,Wednesday,210,Double,3,210,1
70,6/4/2020,Best Available Rate,2020-06-04,"04, June",156,Thursday,210,Double,3,210,1
70,6/5/2020,Best Available Rate,2020-06-05,"05, June",157,Friday,210,Double,3,210,1
70,6/6/2020,Best Available Rate,2020-06-06,"06, June",158,Saturday,210,Double,3,210,1
70,6/7/2020,Best Available Rate,2020-06-07,"07, June",159,Sunday,210,Double,3,210,1
70,6/8/2020,Best Available Rate,2020-06-08,"08, June",160,Monday,210,Double,3,210,1
70,6/9/2020,Best Available Rate,2020-06-09,"09, June",161,Tuesday,210,Double,3,210,1
70,6/10/2020,Best Available Rate,2020-06-10,"10, June",162,Wednesday,210,Double,3,210,1
70,6/11/2020,Best Available Rate,2020-06-11,"11, June",163,Thursday,210,Double,3,210,1
70,6/12/2020,Best Available Rate,2020-06-12,"12, June",164,Friday,210,Double,3,210,1
70,6/13/2020,Best Available Rate,2020-06-13,"13, June",165,Saturday,210,Double,3,210,1
70,6/14/2020,Best Available Rate,2020-06-14,"14, June",166,Sunday,210,Double,3,210,1
70,6/15/2020,Best Available Rate,2020-06-15,"15, June",167,Monday,210,Double,3,210,1
70,6/16/2020,Best Available Rate,2020-06-16,"16, June",168,Tuesday,210,Double,3,210,1
70,6/17/2020,Best Available Rate,2020-06-17,"17, June",169,Wednesday,210,Double,3,210,1
70,6/18/2020,Best Available Rate,2020-06-18,"18, June",170,Thursday,210,Double,3,210,1
70,6/19/2020,Best Available Rate,2020-06-19,"19, June",171,Friday,210,Double,3,210,1
70,6/20/2020,Best Available Rate,2020-06-20,"20, June",172,Saturday,210,Double,3,210,1
70,6/21/2020,Best Available Rate,2020-06-21,"21, June",173,Sunday,210,Double,3,210,1
70,6/22/2020,Best Available Rate,2020-06-22,"22, June",174,Monday,210,Double,3,210,1
70,6/23/2020,Best Available Rate,2020-06-23,"23, June",175,Tuesday,210,Double,3,210,1
70,6/24/2020,Best Available Rate,2020-06-24,"24, June",176,Wednesday,210,Double,3,210,1
70,6/25/2020,Best Available Rate,2020-06-25,"25, June",177,Thursday,210,Double,3,210,1
70,6/26/2020,Best Available Rate,2020-06-26,"26, June",178,Friday,210,Double,3,210,1
70,6/27/2020,Best Available Rate,2020-06-27,"27, June",179,Saturday,210,Double,3,210,1
70,6/28/2020,Best Available Rate,2020-06-28,"28, June",180,Sunday,210,Double,3,210,1
70,6/29/2020,Best Available Rate,2020-06-29,"29, June",181,Monday,210,Double,3,210,1
70,6/30/2020,Best Available Rate,2020-06-30,"30, June",182,Tuesday,210,Double,3,210,1
70,7/1/2020,Best Available Rate,2020-07-01,"01, July",183,Wednesday,210,Double,3,210,1
70,7/2/2020,Best Available Rate,2020-07-02,"02, July",184,Thursday,210,Double,3,210,1
70,7/3/2020,Best Available Rate,2020-07-03,"03, July",185,Friday,210,Double,3,210,1
70,7/4/2020,Best Available Rate,2020-07-04,"04, July",186,Saturday,210,Double,3,210,1
70,7/5/2020,Best Available Rate,2020-07-05,"05, July",187,Sunday,210,Double,3,210,1
70,7/6/2020,Best Available Rate,2020-07-06,"06, July",188,Monday,210,Double,3,210,1
70,7/7/2020,Best Available Rate,2020-07-07,"07, July",189,Tuesday,210,Double,3,210,1
70,7/8/2020,Best Available Rate,2020-07-08,"08, July",190,Wednesday,210,Double,3,210,1
70,7/9/2020,Best Available Rate,2020-07-09,"09, July",191,Thursday,210,Double,3,210,1
70,7/10/2020,Best Available Rate,2020-07-10,"10, July",192,Friday,210,Double,3,210,1
70,7/11/2020,Best Available Rate,2020-07-11,"11, July",193,Saturday,210,Double,3,210,1
70,7/12/2020,Best Available Rate,2020-07-12,"12, July",194,Sunday,210,Double,3,210,1
70,7/13/2020,Best Available Rate,2020-07-13,"13, July",195,Monday,210,Double,3,210,1
70,7/14/2020,Best Available Rate,2020-07-14,"14, July",196,Tuesday,210,Double,3,210,1
70,7/15/2020,Best Available Rate,2020-07-15,"15, July",197,Wednesday,210,Double,3,210,1
70,7/16/2020,Best Available Rate,2020-07-16,"16, July",198,Thursday,210,Double,3,210,1
70,7/17/2020,Best Available Rate,2020-07-17,"17, July",199,Friday,210,Double,3,210,1
70,7/18/2020,Best Available Rate,2020-07-18,"18, July",200,Saturday,210,Double,3,210,1
70,7/19/2020,Best Available Rate,2020-07-19,"19, July",201,Sunday,210,Double,3,210,1
70,7/20/2020,Best Available Rate,2020-07-20,"20, July",202,Monday,210,Double,3,210,1
70,7/21/2020,Best Available Rate,2020-07-21,"21, July",203,Tuesday,210,Double,3,210,1
70,7/22/2020,Best Available Rate,2020-07-22,"22, July",204,Wednesday,210,Double,3,210,1
70,7/23/2020,Best Available Rate,2020-07-23,"23, July",205,Thursday,210,Double,3,210,1
70,7/24/2020,Best Available Rate,2020-07-24,"24, July",206,Friday,210,Double,3,210,1
70,7/25/2020,Best Available Rate,2020-07-25,"25, July",207,Saturday,210,Double,3,210,1
70,7/26/2020,Best Available Rate,2020-07-26,"26, July",208,Sunday,210,Double,3,210,1
70,7/27/2020,Best Available Rate,2020-07-27,"27, July",209,Monday,210,Double,3,210,1
70,7/28/2020,Best Available Rate,2020-07-28,"28, July",210,Tuesday,210,Double,3,210,1
70,7/29/2020,Best Available Rate,2020-07-29,"29, July",211,Wednesday,210,Double,3,210,1
70,7/30/2020,Best Available Rate,2020-07-30,"30, July",212,Thursday,210,Double,3,210,1
70,7/31/2020,Best Available Rate,2020-07-31,"31, July",213,Friday,210,Double,3,210,1
70,8/1/2020,Best Available Rate,2020-08-01,"01, August",214,Saturday,210,Double,3,210,1
70,8/2/2020,Best Available Rate,2020-08-02,"02, August",215,Sunday,210,Double,3,210,1
70,8/3/2020,Best Available Rate,2020-08-03,"03, August",216,Monday,210,Double,3,210,1
70,8/4/2020,Best Available Rate,2020-08-04,"04, August",217,Tuesday,210,Double,3,210,1
70,8/5/2020,Best Available Rate,2020-08-05,"05, August",218,Wednesday,210,Double,3,210,1
70,8/6/2020,Best Available Rate,2020-08-06,"06, August",219,Thursday,210,Double,3,210,1
70,8/7/2020,Best Available Rate,2020-08-07,"07, August",220,Friday,210,Double,3,210,1
70,8/8/2020,Best Available Rate,2020-08-08,"08, August",221,Saturday,210,Double,3,210,1
70,8/9/2020,Best Available Rate,2020-08-09,"09, August",222,Sunday,210,Double,3,210,1
70,8/10/2020,Best Available Rate,2020-08-10,"10, August",223,Monday,210,Double,3,210,1
70,8/11/2020,Best Available Rate,2020-08-11,"11, August",224,Tuesday,210,Double,3,210,1
70,8/12/2020,Best Available Rate,2020-08-12,"12, August",225,Wednesday,210,Double,3,210,1
70,8/13/2020,Best Available Rate,2020-08-13,"13, August",226,Thursday,210,Double,3,210,1
70,8/14/2020,Best Available Rate,2020-08-14,"14, August",227,Friday,210,Double,3,210,1
70,8/15/2020,Best Available Rate,2020-08-15,"15, August",228,Saturday,210,Double,3,210,1
70,8/16/2020,Best Available Rate,2020-08-16,"16, August",229,Sunday,210,Double,3,210,1
70,8/17/2020,Best Available Rate,2020-08-17,"17, August",230,Monday,210,Double,3,210,1
70,8/18/2020,Best Available Rate,2020-08-18,"18, August",231,Tuesday,210,Double,3,210,1
70,8/19/2020,Best Available Rate,2020-08-19,"19, August",232,Wednesday,210,Double,3,210,1
70,8/20/2020,Best Available Rate,2020-08-20,"20, August",233,Thursday,210,Double,3,210,1
70,8/21/2020,Best Available Rate,2020-08-21,"21, August",234,Friday,210,Double,3,210,1
70,8/22/2020,Best Available Rate,2020-08-22,"22, August",235,Saturday,210,Double,3,210,1
70,8/23/2020,Best Available Rate,2020-08-23,"23, August",236,Sunday,210,Double,3,210,1
70,8/24/2020,Best Available Rate,2020-08-24,"24, August",237,Monday,210,Double,3,210,1
70,8/25/2020,Best Available Rate,2020-08-25,"25, August",238,Tuesday,210,Double,3,210,1
70,8/26/2020,Best Available Rate,2020-08-26,"26, August",239,Wednesday,210,Double,3,210,1
70,8/27/2020,Best Available Rate,2020-08-27,"27, August",240,Thursday,210,Double,3,210,1
70,8/28/2020,Best Available Rate,2020-08-28,"28, August",241,Friday,210,Double,3,210,1
70,8/29/2020,Best Available Rate,2020-08-29,"29, August",242,Saturday,210,Double,3,210,1
70,8/30/2020,Best Available Rate,2020-08-30,"30, August",243,Sunday,210,Double,3,210,1
70,8/31/2020,Best Available Rate,2020-08-31,"31, August",244,Monday,210,Double,3,210,1
70,9/1/2020,Best Available Rate,2020-09-01,"01, September",245,Tuesday,210,Double,3,210,1
70,9/2/2020,Best Available Rate,2020-09-02,"02, September",246,Wednesday,210,Double,3,210,1
70,9/3/2020,Best Available Rate,2020-09-03,"03, September",247,Thursday,210,Double,3,210,1
70,9/4/2020,Best Available Rate,2020-09-04,"04, September",248,Friday,210,Double,3,210,1
70,9/5/2020,Best Available Rate,2020-09-05,"05, September",249,Saturday,210,Double,3,210,1
70,9/6/2020,Best Available Rate,2020-09-06,"06, September",250,Sunday,210,Double,3,210,1
70,9/7/2020,Best Available Rate,2020-09-07,"07, September",251,Monday,210,Double,3,210,1
70,9/8/2020,Best Available Rate,2020-09-08,"08, September",252,Tuesday,210,Double,3,210,1
70,9/9/2020,Best Available Rate,2020-09-09,"09, September",253,Wednesday,210,Double,3,210,1
70,9/10/2020,Best Available Rate,2020-09-10,"10, September",254,Thursday,210,Double,3,210,1
70,9/11/2020,Best Available Rate,2020-09-11,"11, September",255,Friday,210,Double,3,210,1
70,9/12/2020,Best Available Rate,2020-09-12,"12, September",256,Saturday,210,Double,3,210,1
70,9/13/2020,Best Available Rate,2020-09-13,"13, September",257,Sunday,210,Double,3,210,1
70,9/14/2020,Best Available Rate,2020-09-14,"14, September",258,Monday,210,Double,3,210,1
70,9/15/2020,Best Available Rate,2020-09-15,"15, September",259,Tuesday,210,Double,3,210,1
70,9/16/2020,Best Available Rate,2020-09-16,"16, September",260,Wednesday,210,Double,3,210,1
70,9/17/2020,Best Available Rate,2020-09-17,"17, September",261,Thursday,210,Double,3,210,1
70,9/18/2020,Best Available Rate,2020-09-18,"18, September",262,Friday,210,Double,3,210,1
70,9/19/2020,Best Available Rate,2020-09-19,"19, September",263,Saturday,210,Double,3,210,1
70,9/20/2020,Best Available Rate,2020-09-20,"20, September",264,Sunday,210,Double,3,210,1
70,9/21/2020,Best Available Rate,2020-09-21,"21, September",265,Monday,210,Double,3,210,1
70,9/22/2020,Best Available Rate,2020-09-22,"22, September",266,Tuesday,210,Double,3,210,1
70,9/23/2020,Best Available Rate,2020-09-23,"23, September",267,Wednesday,210,Double,3,210,1
70,9/24/2020,Best Available Rate,2020-09-24,"24, September",268,Thursday,210,Double,3,210,1
70,9/25/2020,Best Available Rate,2020-09-25,"25, September",269,Friday,210,Double,3,210,1
70,9/26/2020,Best Available Rate,2020-09-26,"26, September",270,Saturday,210,Double,3,210,1
70,9/27/2020,Best Available Rate,2020-09-27,"27, September",271,Sunday,210,Double,3,210,1
70,9/28/2020,Best Available Rate,2020-09-28,"28, September",272,Monday,210,Double,3,210,1
70,9/29/2020,Best Available Rate,2020-09-29,"29, September",273,Tuesday,210,Double,3,210,1
70,9/30/2020,Best Available Rate,2020-09-30,"30, September",274,Wednesday,210,Double,3,210,1
70,10/1/2020,Best Available Rate,2020-10-01,"01, October",275,Thursday,210,Double,3,210,1
70,10/2/2020,Best Available Rate,2020-10-02,"02, October",276,Friday,210,Double,3,210,1
70,10/3/2020,Best Available Rate,2020-10-03,"03, October",277,Saturday,210,Double,3,210,1
70,10/4/2020,Best Available Rate,2020-10-04,"04, October",278,Sunday,210,Double,3,210,1
70,10/5/2020,Best Available Rate,2020-10-05,"05, October",279,Monday,210,Double,3,210,1
70,10/6/2020,Best Available Rate,2020-10-06,"06, October",280,Tuesday,210,Double,3,210,1
70,10/7/2020,Best Available Rate,2020-10-07,"07, October",281,Wednesday,210,Double,3,210,1
70,10/8/2020,Best Available Rate,2020-10-08,"08, October",282,Thursday,210,Double,3,210,1
70,10/9/2020,Best Available Rate,2020-10-09,"09, October",283,Friday,210,Double,3,210,1
70,10/10/2020,Best Available Rate,2020-10-10,"10, October",284,Saturday,210,Double,3,210,1
70,10/11/2020,Best Available Rate,2020-10-11,"11, October",285,Sunday,210,Double,3,210,1
70,10/12/2020,Best Available Rate,2020-10-12,"12, October",286,Monday,210,Double,3,210,1
70,10/13/2020,Best Available Rate,2020-10-13,"13, October",287,Tuesday,210,Double,3,210,1
70,10/14/2020,Best Available Rate,2020-10-14,"14, October",288,Wednesday,210,Double,3,210,1
70,10/15/2020,Best Available Rate,2020-10-15,"15, October",289,Thursday,210,Double,3,210,1
70,10/16/2020,Best Available Rate,2020-10-16,"16, October",290,Friday,210,Double,3,210,1
70,10/17/2020,Best Available Rate,2020-10-17,"17, October",291,Saturday,210,Double,3,210,1
70,10/18/2020,Best Available Rate,2020-10-18,"18, October",292,Sunday,210,Double,3,210,1
70,10/19/2020,Best Available Rate,2020-10-19,"19, October",293,Monday,210,Double,3,210,1
70,10/20/2020,Best Available Rate,2020-10-20,"20, October",294,Tuesday,210,Double,3,210,1
70,10/21/2020,Best Available Rate,2020-10-21,"21, October",295,Wednesday,210,Double,3,210,1
70,10/22/2020,Best Available Rate,2020-10-22,"22, October",296,Thursday,210,Double,3,210,1
70,10/23/2020,Best Available Rate,2020-10-23,"23, October",297,Friday,210,Double,3,210,1
70,10/24/2020,Best Available Rate,2020-10-24,"24, October",298,Saturday,210,Double,3,210,1
70,10/25/2020,Best Available Rate,2020-10-25,"25, October",299,Sunday,210,Double,3,210,1
70,10/26/2020,Best Available Rate,2020-10-26,"26, October",300,Monday,210,Double,3,210,1
70,10/27/2020,Best Available Rate,2020-10-27,"27, October",301,Tuesday,210,Double,3,210,1
70,10/28/2020,Best Available Rate,2020-10-28,"28, October",302,Wednesday,210,Double,3,210,1
70,10/29/2020,Best Available Rate,2020-10-29,"29, October",303,Thursday,210,Double,3,210,1
70,10/30/2020,Best Available Rate,2020-10-30,"30, October",304,Friday,210,Double,3,210,1
70,10/31/2020,Best Available Rate,2020-10-31,"31, October",305,Saturday,210,Double,3,210,1
70,11/1/2020,Best Available Rate,2020-11-01,"01, November",306,Sunday,210,Double,3,210,1
70,11/2/2020,Best Available Rate,2020-11-02,"02, November",307,Monday,210,Double,3,210,1
70,11/3/2020,Best Available Rate,2020-11-03,"03, November",308,Tuesday,210,Double,3,210,1
70,11/4/2020,Best Available Rate,2020-11-04,"04, November",309,Wednesday,210,Double,3,210,1
70,11/5/2020,Best Available Rate,2020-11-05,"05, November",310,Thursday,210,Double,3,210,1
70,11/6/2020,Best Available Rate,2020-11-06,"06, November",311,Friday,210,Double,3,210,1
70,11/7/2020,Best Available Rate,2020-11-07,"07, November",312,Saturday,210,Double,3,210,1
70,11/8/2020,Best Available Rate,2020-11-08,"08, November",313,Sunday,210,Double,3,210,1
70,11/9/2020,Best Available Rate,2020-11-09,"09, November",314,Monday,210,Double,3,210,1
70,11/10/2020,Best Available Rate,2020-11-10,"10, November",315,Tuesday,210,Double,3,210,1
70,11/11/2020,Best Available Rate,2020-11-11,"11, November",316,Wednesday,210,Double,3,210,1
70,11/12/2020,Best Available Rate,2020-11-12,"12, November",317,Thursday,210,Double,3,210,1
70,11/13/2020,Best Available Rate,2020-11-13,"13, November",318,Friday,210,Double,3,210,1
70,11/14/2020,Best Available Rate,2020-11-14,"14, November",319,Saturday,210,Double,3,210,1
70,11/15/2020,Best Available Rate,2020-11-15,"15, November",320,Sunday,210,Double,3,210,1
70,11/16/2020,Best Available Rate,2020-11-16,"16, November",321,Monday,210,Double,3,210,1
70,11/17/2020,Best Available Rate,2020-11-17,"17, November",322,Tuesday,210,Double,3,210,1
70,11/18/2020,Best Available Rate,2020-11-18,"18, November",323,Wednesday,210,Double,3,210,1
70,11/19/2020,Best Available Rate,2020-11-19,"19, November",324,Thursday,210,Double,3,210,1
70,11/20/2020,Best Available Rate,2020-11-20,"20, November",325,Friday,210,Double,3,210,1
70,11/21/2020,Best Available Rate,2020-11-21,"21, November",326,Saturday,210,Double,3,210,1
70,11/22/2020,Best Available Rate,2020-11-22,"22, November",327,Sunday,210,Double,3,210,1
70,11/23/2020,Best Available Rate,2020-11-23,"23, November",328,Monday,210,Double,3,210,1
70,11/24/2020,Best Available Rate,2020-11-24,"24, November",329,Tuesday,210,Double,3,210,1
70,11/25/2020,Best Available Rate,2020-11-25,"25, November",330,Wednesday,210,Double,3,210,1
70,11/26/2020,Best Available Rate,2020-11-26,"26, November",331,Thursday,210,Double,3,210,1
70,11/27/2020,Best Available Rate,2020-11-27,"27, November",332,Friday,210,Double,3,210,1
70,11/28/2020,Best Available Rate,2020-11-28,"28, November",333,Saturday,210,Double,3,210,1
70,11/29/2020,Best Available Rate,2020-11-29,"29, November",334,Sunday,210,Double,3,210,1
70,11/30/2020,Best Available Rate,2020-11-30,"30, November",335,Monday,210,Double,3,210,1
70,12/1/2020,Best Available Rate,2020-12-01,"01, December",336,Tuesday,210,Double,3,210,1
70,12/2/2020,Best Available Rate,2020-12-02,"02, December",337,Wednesday,210,Double,3,210,1
70,12/3/2020,Best Available Rate,2020-12-03,"03, December",338,Thursday,210,Double,3,210,1
70,12/4/2020,Best Available Rate,2020-12-04,"04, December",339,Friday,210,Double,3,210,1
70,12/5/2020,Best Available Rate,2020-12-05,"05, December",340,Saturday,210,Double,3,210,1
70,12/6/2020,Best Available Rate,2020-12-06,"06, December",341,Sunday,210,Double,3,210,1
70,12/7/2020,Best Available Rate,2020-12-07,"07, December",342,Monday,210,Double,3,210,1
70,12/8/2020,Best Available Rate,2020-12-08,"08, December",343,Tuesday,210,Double,3,210,1
70,12/9/2020,Best Available Rate,2020-12-09,"09, December",344,Wednesday,210,Double,3,210,1
70,12/10/2020,Best Available Rate,2020-12-10,"10, December",345,Thursday,210,Double,3,210,1
70,12/11/2020,Best Available Rate,2020-12-11,"11, December",346,Friday,210,Double,3,210,1
70,12/12/2020,Best Available Rate,2020-12-12,"12, December",347,Saturday,210,Double,3,210,1
70,12/13/2020,Best Available Rate,2020-12-13,"13, December",348,Sunday,210,Double,3,210,1
70,12/14/2020,Best Available Rate,2020-12-14,"14, December",349,Monday,210,Double,3,210,1
70,12/15/2020,Best Available Rate,2020-12-15,"15, December",350,Tuesday,210,Double,3,210,1
70,12/16/2020,Best Available Rate,2020-12-16,"16, December",351,Wednesday,210,Double,3,210,1
70,12/17/2020,Best Available Rate,2020-12-17,"17, December",352,Thursday,210,Double,3,210,1
70,12/18/2020,Best Available Rate,2020-12-18,"18, December",353,Friday,210,Double,3,210,1
70,12/19/2020,Best Available Rate,2020-12-19,"19, December",354,Saturday,210,Double,3,210,1
70,12/20/2020,Best Available Rate,2020-12-20,"20, December",355,Sunday,210,Double,3,210,1
70,12/21/2020,Best Available Rate,2020-12-21,"21, December",356,Monday,210,Double,3,210,1
70,12/22/2020,Best Available Rate,2020-12-22,"22, December",357,Tuesday,210,Double,3,210,1
70,12/23/2020,Best Available Rate,2020-12-23,"23, December",358,Wednesday,210,Double,3,210,1
70,12/24/2020,Best Available Rate,2020-12-24,"24, December",359,Thursday,210,Double,3,210,1
70,12/25/2020,Best Available Rate,2020-12-25,"25, December",360,Friday,210,Double,3,210,1
70,12/26/2020,Best Available Rate,2020-12-26,"26, December",361,Saturday,210,Double,3,210,1
70,12/27/2020,Best Available Rate,2020-12-27,"27, December",362,Sunday,210,Double,3,210,1
70,12/28/2020,Best Available Rate,2020-12-28,"28, December",363,Monday,210,Double,3,210,1
70,12/29/2020,Best Available Rate,2020-12-29,"29, December",364,Tuesday,210,Double,3,210,1
70,12/30/2020,Best Available Rate,2020-12-30,"30, December",365,Wednesday,210,Double,3,210,1
70,12/31/2020,Best Available Rate,2020-12-31,"31, December",366,Thursday,210,Double,3,210,1
